{
  "max_depth": 3.0,
  "learning_rate": 0.20223357574646497,
  "n_estimators": 250.0,
  "subsample": 0.9320090796251638,
  "colsample_bytree": 0.6826244007423808,
  "reg_alpha": 1.46677496676411,
  "reg_lambda": 2.2286140328298103,
  "min_child_weight": 8.0,
  "gamma": 0.2720798902285778
}